{"Train Loss": 0.2145324737239297, "Valid Loss": 0.3638041614769743, "Train Accuracy": 0.9211783439490446, "Valid Accuracy": 0.8885350318471338, "_timestamp": 1722405658.2568588, "_runtime": 1585.6054847240448, "_step": 14}